id,title,release_date,critic_reviews
2,Ariel,1988-10-21,"**Critics Reviews Summary:**  
Critics generally praise *Ariel* (1988) as a brilliant and stylistically distinctive Finnish drama by Aki Kaurismäki. It is recognized for its minimalist direction, dry humor, and existential themes wrapped in a crime drama framework. The film's protagonist, Taisto, is portrayed with authenticity as a working-class man facing economic despair, which resonates with classic cinema sensibilities. Reviewers highlight the film's strong cinematography, effective soundtrack of Finnish tango and Baltic pop, and its blending of bleak realism with subtle comedy and a hopeful ending. Kaurismäki himself has called *Ariel* his career-best work, and it is included in the *1001 Movies You Must See Before You Die* list. The film's narrative pace, despite many plot points in a short runtime, is praised for never feeling exhausting due to Kaurismäki's minimalist style and Ozu-inspired use of color and composition. The film won the Bronze St. George for Best Actor at the Moscow International Film Festival, evidencing critical acclaim for lead actor Turo Pajala[1][2][3][5][6].

**Audience Reviews Summary:**  
Audience reception echoes the critical acclaim with many viewers appreciating *Ariel*’s understated, unpretentious storytelling that blends humor and melancholy effectively. Users often describe the film as warm-hearted despite its somber themes, noting the engaging characterizations and the protagonist's mix of misfortune and charm. The film holds a positive rating on IMDb (7.4/10) from around 9,400 user votes, indicative of steady appreciation. Some viewers remark on the film’s economical runtime packed with meaningful events, and its minimalistic, yet impactful style that avoids typical melodrama. The dry humor and the depiction of working-class struggles resonate well, with many agreeing on the film’s place as a subtle modern fairy tale and its honest look at humanity’s contrasting facets[4][5].

---

**Separators for easy parsing:**  
**Critics Reviews Summary:**  
{Critics summary text here}  

**Audience Reviews Summary:**  
{Audience summary text here}"
